-- phpMyAdmin SQL Dump
-- version 5.2.1
-- https://www.phpmyadmin.net/
--
-- Máy chủ: 127.0.0.1
-- Thời gian đã tạo: Th3 05, 2025 lúc 05:56 PM
-- Phiên bản máy phục vụ: 10.4.32-MariaDB
-- Phiên bản PHP: 8.1.25

SET SQL_MODE = "NO_AUTO_VALUE_ON_ZERO";
START TRANSACTION;
SET time_zone = "+00:00";


/*!40101 SET @OLD_CHARACTER_SET_CLIENT=@@CHARACTER_SET_CLIENT */;
/*!40101 SET @OLD_CHARACTER_SET_RESULTS=@@CHARACTER_SET_RESULTS */;
/*!40101 SET @OLD_COLLATION_CONNECTION=@@COLLATION_CONNECTION */;
/*!40101 SET NAMES utf8mb4 */;

--
-- Cơ sở dữ liệu: `laptopshop`
--

-- --------------------------------------------------------

--
-- Cấu trúc bảng cho bảng `carts`
--

CREATE TABLE `carts` (
  `id` bigint(20) NOT NULL,
  `sum` int(11) NOT NULL,
  `user_id` bigint(20) DEFAULT NULL
) ENGINE=InnoDB DEFAULT CHARSET=utf8 COLLATE=utf8_general_ci;

--
-- Đang đổ dữ liệu cho bảng `carts`
--

INSERT INTO `carts` (`id`, `sum`, `user_id`) VALUES
(37, 1, 101),
(74, 1, 100);

-- --------------------------------------------------------

--
-- Cấu trúc bảng cho bảng `cart_detail`
--

CREATE TABLE `cart_detail` (
  `id` bigint(20) NOT NULL,
  `price` double NOT NULL,
  `quantity` bigint(20) NOT NULL,
  `cart_id` bigint(20) DEFAULT NULL,
  `product_id` bigint(20) DEFAULT NULL
) ENGINE=InnoDB DEFAULT CHARSET=utf8 COLLATE=utf8_general_ci;

--
-- Đang đổ dữ liệu cho bảng `cart_detail`
--

INSERT INTO `cart_detail` (`id`, `price`, `quantity`, `cart_id`, `product_id`) VALUES
(98, 25000000, 1, 37, 8),
(200, 19500000, 7, 74, 4),
(201, 12000000, 1, 37, 5);

-- --------------------------------------------------------

--
-- Cấu trúc bảng cho bảng `orders`
--

CREATE TABLE `orders` (
  `id` bigint(20) NOT NULL,
  `receiver_address` varchar(255) DEFAULT NULL,
  `receiver_name` varchar(255) DEFAULT NULL,
  `receiver_phone` varchar(255) DEFAULT NULL,
  `status` varchar(255) DEFAULT NULL,
  `total_price` double NOT NULL,
  `user_id` bigint(20) DEFAULT NULL,
  `totalprice` double DEFAULT NULL,
  `payment_method` varchar(255) DEFAULT NULL,
  `payment_ref` varchar(255) DEFAULT NULL,
  `payment_status` varchar(255) DEFAULT NULL
) ENGINE=InnoDB DEFAULT CHARSET=utf8 COLLATE=utf8_general_ci;

--
-- Đang đổ dữ liệu cho bảng `orders`
--

INSERT INTO `orders` (`id`, `receiver_address`, `receiver_name`, `receiver_phone`, `status`, `total_price`, `user_id`, `totalprice`, `payment_method`, `payment_ref`, `payment_status`) VALUES
(45, 'têtt', 'tét', 'têtt', 'PENDING', 91140000, 100, NULL, 'COD', 'UNKNOWN', 'PAYMENT_UNPAID'),
(46, 'e', 'e', 'e', 'PENDING', 19500000, 100, NULL, 'COD', 'UNKNOWN', 'PAYMENT_UNPAID'),
(47, 'a', 'a', 'a', 'PENDING', 19500000, 100, NULL, 'BANKING', '6be99aad101f497e9528bc0d0fa10d76', 'PAYMENT_SUCCEED'),
(48, 's', 's', 's', 'PENDING', 19500000, 100, NULL, 'COD', 'UNKNOWN', 'PAYMENT_UNPAID'),
(49, 's', 's', 's', 'PENDING', 19500000, 100, NULL, 'COD', 'UNKNOWN', 'PAYMENT_UNPAID'),
(50, 's', 's', 's', 'PENDING', 19500000, 100, NULL, 'COD', 'UNKNOWN', 'PAYMENT_UNPAID'),
(51, 's', 's', 's', 'PENDING', 19500000, 100, NULL, 'COD', 'UNKNOWN', 'PAYMENT_UNPAID'),
(52, 'd', 'd', 'd', 'PENDING', 19500000, 100, NULL, 'COD', 'UNKNOWN', 'PAYMENT_UNPAID'),
(53, 's', 's', 's', 'PENDING', 19500000, 100, NULL, 'COD', 'UNKNOWN', 'PAYMENT_UNPAID'),
(54, 'ư', 'ư', 'ư', 'PENDING', 19500000, 100, NULL, 'COD', 'UNKNOWN', 'PAYMENT_UNPAID'),
(55, 's', 's', 's', 'PENDING', 19500000, 100, NULL, 'COD', 'UNKNOWN', 'PAYMENT_UNPAID'),
(56, 's', 's', 's', 'PENDING', 19500000, 100, NULL, 'COD', 'UNKNOWN', 'PAYMENT_UNPAID'),
(57, 's', 's', 's', 'PENDING', 19500000, 100, NULL, 'COD', 'UNKNOWN', 'PAYMENT_UNPAID'),
(58, 'f', 'f', 'f', 'PENDING', 19500000, 100, NULL, 'COD', 'UNKNOWN', 'PAYMENT_UNPAID'),
(59, 'c', 'hải', 'c', 'PENDING', 19500000, 100, NULL, 'COD', 'UNKNOWN', 'PAYMENT_UNPAID');

-- --------------------------------------------------------

--
-- Cấu trúc bảng cho bảng `order_detail`
--

CREATE TABLE `order_detail` (
  `id` bigint(20) NOT NULL,
  `price` double NOT NULL,
  `quantity` bigint(20) NOT NULL,
  `order_id` bigint(20) DEFAULT NULL,
  `product_id` bigint(20) DEFAULT NULL
) ENGINE=InnoDB DEFAULT CHARSET=utf8 COLLATE=utf8_general_ci;

--
-- Đang đổ dữ liệu cho bảng `order_detail`
--

INSERT INTO `order_detail` (`id`, `price`, `quantity`, `order_id`, `product_id`) VALUES
(94, 12000000, 2, 45, 5),
(95, 19000000, 3, 45, 6),
(96, 30000000, 4, 45, 7),
(97, 25000000, 5, 45, 8),
(98, 5000000, 5, 45, 9),
(99, 90000, 1, 45, 10),
(100, 50000, 1, 45, 11),
(101, 19500000, 2, 46, 4),
(102, 19500000, 2, 47, 4),
(103, 19500000, 6, 48, 4),
(104, 19500000, 6, 49, 4),
(105, 19500000, 5, 50, 4),
(106, 19500000, 1, 51, 4),
(107, 19500000, 3, 52, 4),
(108, 19500000, 1, 53, 4),
(109, 19500000, 1, 54, 4),
(110, 19500000, 5, 55, 4),
(111, 19500000, 5, 56, 4),
(112, 19500000, 5, 57, 4),
(113, 19500000, 5, 58, 4),
(114, 19500000, 7, 59, 4);

-- --------------------------------------------------------

--
-- Cấu trúc bảng cho bảng `products`
--

CREATE TABLE `products` (
  `id` bigint(20) NOT NULL,
  `detaildesc` mediumtext NOT NULL,
  `factory` varchar(255) DEFAULT NULL,
  `image` varchar(255) DEFAULT NULL,
  `name` varchar(255) NOT NULL,
  `price` double NOT NULL,
  `quantity` bigint(20) NOT NULL,
  `shortdesc` varchar(255) NOT NULL,
  `sold` bigint(20) DEFAULT NULL,
  `target` varchar(255) DEFAULT NULL,
  `detail_desc` mediumtext NOT NULL,
  `short_desc` varchar(255) NOT NULL
) ENGINE=InnoDB DEFAULT CHARSET=utf8 COLLATE=utf8_general_ci;

--
-- Đang đổ dữ liệu cho bảng `products`
--

INSERT INTO `products` (`id`, `detaildesc`, `factory`, `image`, `name`, `price`, `quantity`, `shortdesc`, `sold`, `target`, `detail_desc`, `short_desc`) VALUES
(4, 'as5d1as56d165s', 'Asus', '1731336502740-Screenshot 2024-09-20 141512.png', 'máy tính a', 19500000, 5, '231a2s31d', 0, '', '', ''),
(5, 'dday la cai j z ae', 'Asus', '1731336574284-Screenshot 2024-09-19 204655.png', 'máy tính b', 12000000, 1231, 'asdas', 0, '100', '', ''),
(6, 'a1das561d65', 'Asus', '1731336594964-Screenshot 2024-09-25 001758.png', 'máy tính c', 19000000, 12315, '51asd', 0, '100', '', ''),
(7, 'asd1a65sd1', 'Acer', '1731336617684-Screenshot 2024-09-15 211048.png', 'máy tính d', 30000000, 21321, 'a21d321', 0, '100', '', ''),
(8, 'sa51d6a5s1d65as165', 'Acer', '1731336657489-1711078092373-asus-01.png', 'Nam Giao Building T', 25000000, 516515, 'as1d65a1s65d15', 0, 'Gaming', '', ''),
(9, '23ads132123asd13', 'Asus', '1731336678177-1711080948771-acer-01.png', 'máy tính e', 5000000, 3212132, '32a1sd2a1sd', 0, '100', '', ''),
(10, '51sa65d165as1d651a65', 'HP', '1731336701756-1730788917256-Screenshot 2024-09-20 141512.png', 'máy tính f', 90000, 19000000, '561a65s1d65a1', 0, '100', '', ''),
(11, 'sad13as1d23as1d31', 'Dell', '1731336988067-1730943496511-Screenshot 2024-11-05 135015.png', 'máy tính q', 50000, 31312, '321asd3a1sd', 0, '', '', ''),
(13, '5as1d65a1s65d165', 'Acer', '1731395764518-Screenshot 2024-09-25 001758.png', 'Hùng123', 30000, 651651, '51651', 0, '100', '', ''),
(14, 'ádasdas11d561', 'Lenovo', '1731395797358-Screenshot 2024-09-15 143200.png', 'Nam Giao Building Tower hùng dep try', 900000, 561651651, '165as1d65a1sd6a1', 0, '200', '', '');

-- --------------------------------------------------------

--
-- Cấu trúc bảng cho bảng `roles`
--

CREATE TABLE `roles` (
  `id` bigint(20) NOT NULL,
  `description` varchar(255) DEFAULT NULL,
  `name` varchar(255) DEFAULT NULL
) ENGINE=InnoDB DEFAULT CHARSET=utf8 COLLATE=utf8_general_ci;

--
-- Đang đổ dữ liệu cho bảng `roles`
--

INSERT INTO `roles` (`id`, `description`, `name`) VALUES
(1, 'admin thì full quyền', 'ADMIN'),
(2, 'user thì mua hàng thoi', 'USER'),
(3, 'test', 'TEST');

-- --------------------------------------------------------

--
-- Cấu trúc bảng cho bảng `spring_session`
--

CREATE TABLE `spring_session` (
  `PRIMARY_ID` char(36) NOT NULL,
  `SESSION_ID` char(36) NOT NULL,
  `CREATION_TIME` bigint(20) NOT NULL,
  `LAST_ACCESS_TIME` bigint(20) NOT NULL,
  `MAX_INACTIVE_INTERVAL` int(11) NOT NULL,
  `EXPIRY_TIME` bigint(20) NOT NULL,
  `PRINCIPAL_NAME` varchar(100) DEFAULT NULL
) ENGINE=InnoDB DEFAULT CHARSET=utf8 COLLATE=utf8_general_ci ROW_FORMAT=DYNAMIC;

--
-- Đang đổ dữ liệu cho bảng `spring_session`
--

INSERT INTO `spring_session` (`PRIMARY_ID`, `SESSION_ID`, `CREATION_TIME`, `LAST_ACCESS_TIME`, `MAX_INACTIVE_INTERVAL`, `EXPIRY_TIME`, `PRINCIPAL_NAME`) VALUES
('1c6506fd-d36f-461d-b453-7efa175a0149', '6bd23d8a-9acf-4257-a3dd-e8911e449caa', 1741183871947, 1741183926954, 2592000, 1743775926954, 'nguyencaohuy@gmail.com'),
('27021150-cd7d-48b5-b2cf-2d13bfaad582', 'd779c3e7-9c36-4bfc-9a69-6c4be831ab2e', 1740991234637, 1740991271621, 2592000, 1743583271621, 'huhu123@gmail.com'),
('50707aac-0c0f-4755-ad69-dc6a625859a1', 'ee87247c-382f-4a3e-8e55-dae74ab945d6', 1740996891527, 1740996951895, 2592000, 1743588951895, 'nguyendinhhung@gmail.com'),
('59f6f51c-fbc5-4908-9633-2d4788cb2090', '03e090d7-a569-41c2-a163-b78d10638939', 1741058736432, 1741058849989, 2592000, 1743650849989, 'nguyendinhhung@gmail.com'),
('cb63484e-67f5-4ad9-a395-46154718741c', 'fdfa0ba8-ac52-431a-8209-eedcd81f2f6b', 1740626572231, 1740627153867, 2592000, 1743219153867, 'nguyendinhhung@gmail.com'),
('ed25651d-994e-4185-8b81-f76cfc8778af', '8572e573-febb-445f-bcaf-6dc674e8ee62', 1740425456047, 1740427221732, 2592000, 1743019221732, 'duongthikieuanh@gmail.com'),
('effff068-feaa-434f-8951-01f5a8ae899b', '53f55833-1a8f-4afe-9c36-47f0eeb26d10', 1741181495321, 1741193679874, 2592000, 1743785679874, 'nguyencaohuy@gmail.com');

-- --------------------------------------------------------

--
-- Cấu trúc bảng cho bảng `spring_session_attributes`
--

CREATE TABLE `spring_session_attributes` (
  `SESSION_PRIMARY_ID` char(36) NOT NULL,
  `ATTRIBUTE_NAME` varchar(200) NOT NULL,
  `ATTRIBUTE_BYTES` blob NOT NULL
) ENGINE=InnoDB DEFAULT CHARSET=utf8 COLLATE=utf8_general_ci ROW_FORMAT=DYNAMIC;

--
-- Đang đổ dữ liệu cho bảng `spring_session_attributes`
--

INSERT INTO `spring_session_attributes` (`SESSION_PRIMARY_ID`, `ATTRIBUTE_NAME`, `ATTRIBUTE_BYTES`) VALUES
('1c6506fd-d36f-461d-b453-7efa175a0149', 'avatar', 0xaced0005740000),
('1c6506fd-d36f-461d-b453-7efa175a0149', 'email', 0xaced00057400166e677579656e63616f68757940676d61696c2e636f6d),
('1c6506fd-d36f-461d-b453-7efa175a0149', 'fullName', 0xaced000574000f4e677579c3aa6e2043616f20487579),
('1c6506fd-d36f-461d-b453-7efa175a0149', 'id', 0xaced00057372000e6a6176612e6c616e672e4c6f6e673b8be490cc8f23df0200014a000576616c7565787200106a6176612e6c616e672e4e756d62657286ac951d0b94e08b02000078700000000000000065),
('1c6506fd-d36f-461d-b453-7efa175a0149', 'jakarta.servlet.jsp.jstl.fmt.request.charset', 0xaced00057400055554462d38),
('1c6506fd-d36f-461d-b453-7efa175a0149', 'org.springframework.security.web.csrf.HttpSessionCsrfTokenRepository.CSRF_TOKEN', 0xaced0005737200366f72672e737072696e676672616d65776f726b2e73656375726974792e7765622e637372662e44656661756c7443737266546f6b656e5aefb7c82fa2fbd50200034c000a6865616465724e616d657400124c6a6176612f6c616e672f537472696e673b4c000d706172616d657465724e616d6571007e00014c0005746f6b656e71007e0001787074000c582d435352462d544f4b454e7400055f6373726674002463656639666336392d393736622d343535302d396435332d353833333235383338626662),
('1c6506fd-d36f-461d-b453-7efa175a0149', 'SPRING_SECURITY_CONTEXT', 0xaced00057372003d6f72672e737072696e676672616d65776f726b2e73656375726974792e636f72652e636f6e746578742e5365637572697479436f6e74657874496d706c000000000000026c0200014c000e61757468656e7469636174696f6e7400324c6f72672f737072696e676672616d65776f726b2f73656375726974792f636f72652f41757468656e7469636174696f6e3b78707372004f6f72672e737072696e676672616d65776f726b2e73656375726974792e61757468656e7469636174696f6e2e557365726e616d6550617373776f726441757468656e7469636174696f6e546f6b656e000000000000026c0200024c000b63726564656e7469616c737400124c6a6176612f6c616e672f4f626a6563743b4c00097072696e636970616c71007e0004787200476f72672e737072696e676672616d65776f726b2e73656375726974792e61757468656e7469636174696f6e2e416273747261637441757468656e7469636174696f6e546f6b656ed3aa287e6e47640e0200035a000d61757468656e746963617465644c000b617574686f7269746965737400164c6a6176612f7574696c2f436f6c6c656374696f6e3b4c000764657461696c7371007e0004787001737200266a6176612e7574696c2e436f6c6c656374696f6e7324556e6d6f6469666961626c654c697374fc0f2531b5ec8e100200014c00046c6973747400104c6a6176612f7574696c2f4c6973743b7872002c6a6176612e7574696c2e436f6c6c656374696f6e7324556e6d6f6469666961626c65436f6c6c656374696f6e19420080cb5ef71e0200014c00016371007e00067870737200136a6176612e7574696c2e41727261794c6973747881d21d99c7619d03000149000473697a65787000000001770400000001737200426f72672e737072696e676672616d65776f726b2e73656375726974792e636f72652e617574686f726974792e53696d706c654772616e746564417574686f72697479000000000000026c0200014c0004726f6c657400124c6a6176612f6c616e672f537472696e673b7870740009524f4c455f555345527871007e000d737200486f72672e737072696e676672616d65776f726b2e73656375726974792e7765622e61757468656e7469636174696f6e2e57656241757468656e7469636174696f6e44657461696c73000000000000026c0200024c000d72656d6f74654164647265737371007e000f4c000973657373696f6e496471007e000f787074000f303a303a303a303a303a303a303a3174002432373939656636322d336530652d343435342d386437652d36343633646163616437613270737200326f72672e737072696e676672616d65776f726b2e73656375726974792e636f72652e7573657264657461696c732e55736572000000000000026c0200075a00116163636f756e744e6f6e457870697265645a00106163636f756e744e6f6e4c6f636b65645a001563726564656e7469616c734e6f6e457870697265645a0007656e61626c65644c000b617574686f72697469657374000f4c6a6176612f7574696c2f5365743b4c000870617373776f726471007e000f4c0008757365726e616d6571007e000f787001010101737200256a6176612e7574696c2e436f6c6c656374696f6e7324556e6d6f6469666961626c65536574801d92d18f9b80550200007871007e000a737200116a6176612e7574696c2e54726565536574dd98509395ed875b0300007870737200466f72672e737072696e676672616d65776f726b2e73656375726974792e636f72652e7573657264657461696c732e5573657224417574686f72697479436f6d70617261746f72000000000000026c020000787077040000000171007e001078707400166e677579656e63616f68757940676d61696c2e636f6d),
('1c6506fd-d36f-461d-b453-7efa175a0149', 'sum', 0xaced0005737200116a6176612e6c616e672e496e746567657212e2a0a4f781873802000149000576616c7565787200106a6176612e6c616e672e4e756d62657286ac951d0b94e08b020000787000000000),
('27021150-cd7d-48b5-b2cf-2d13bfaad582', 'email', 0xaced00057400116875687531323340676d61696c2e636f6d),
('27021150-cd7d-48b5-b2cf-2d13bfaad582', 'fullName', 0xaced0005740009687568752068756875),
('27021150-cd7d-48b5-b2cf-2d13bfaad582', 'id', 0xaced00057372000e6a6176612e6c616e672e4c6f6e673b8be490cc8f23df0200014a000576616c7565787200106a6176612e6c616e672e4e756d62657286ac951d0b94e08b0200007870000000000000006d),
('27021150-cd7d-48b5-b2cf-2d13bfaad582', 'jakarta.servlet.jsp.jstl.fmt.request.charset', 0xaced00057400055554462d38),
('27021150-cd7d-48b5-b2cf-2d13bfaad582', 'org.springframework.security.web.csrf.HttpSessionCsrfTokenRepository.CSRF_TOKEN', 0xaced0005737200366f72672e737072696e676672616d65776f726b2e73656375726974792e7765622e637372662e44656661756c7443737266546f6b656e5aefb7c82fa2fbd50200034c000a6865616465724e616d657400124c6a6176612f6c616e672f537472696e673b4c000d706172616d657465724e616d6571007e00014c0005746f6b656e71007e0001787074000c582d435352462d544f4b454e7400055f6373726674002466323234396365642d646263652d343730342d383831302d353536616634343038623565),
('27021150-cd7d-48b5-b2cf-2d13bfaad582', 'SPRING_SECURITY_CONTEXT', 0xaced00057372003d6f72672e737072696e676672616d65776f726b2e73656375726974792e636f72652e636f6e746578742e5365637572697479436f6e74657874496d706c000000000000026c0200014c000e61757468656e7469636174696f6e7400324c6f72672f737072696e676672616d65776f726b2f73656375726974792f636f72652f41757468656e7469636174696f6e3b78707372004f6f72672e737072696e676672616d65776f726b2e73656375726974792e61757468656e7469636174696f6e2e557365726e616d6550617373776f726441757468656e7469636174696f6e546f6b656e000000000000026c0200024c000b63726564656e7469616c737400124c6a6176612f6c616e672f4f626a6563743b4c00097072696e636970616c71007e0004787200476f72672e737072696e676672616d65776f726b2e73656375726974792e61757468656e7469636174696f6e2e416273747261637441757468656e7469636174696f6e546f6b656ed3aa287e6e47640e0200035a000d61757468656e746963617465644c000b617574686f7269746965737400164c6a6176612f7574696c2f436f6c6c656374696f6e3b4c000764657461696c7371007e0004787001737200266a6176612e7574696c2e436f6c6c656374696f6e7324556e6d6f6469666961626c654c697374fc0f2531b5ec8e100200014c00046c6973747400104c6a6176612f7574696c2f4c6973743b7872002c6a6176612e7574696c2e436f6c6c656374696f6e7324556e6d6f6469666961626c65436f6c6c656374696f6e19420080cb5ef71e0200014c00016371007e00067870737200136a6176612e7574696c2e41727261794c6973747881d21d99c7619d03000149000473697a65787000000001770400000001737200426f72672e737072696e676672616d65776f726b2e73656375726974792e636f72652e617574686f726974792e53696d706c654772616e746564417574686f72697479000000000000026c0200014c0004726f6c657400124c6a6176612f6c616e672f537472696e673b7870740009524f4c455f555345527871007e000d737200486f72672e737072696e676672616d65776f726b2e73656375726974792e7765622e61757468656e7469636174696f6e2e57656241757468656e7469636174696f6e44657461696c73000000000000026c0200024c000d72656d6f74654164647265737371007e000f4c000973657373696f6e496471007e000f787074000f303a303a303a303a303a303a303a3174002433323162343039312d303333622d343633612d383366642d32623563393531393534313370737200326f72672e737072696e676672616d65776f726b2e73656375726974792e636f72652e7573657264657461696c732e55736572000000000000026c0200075a00116163636f756e744e6f6e457870697265645a00106163636f756e744e6f6e4c6f636b65645a001563726564656e7469616c734e6f6e457870697265645a0007656e61626c65644c000b617574686f72697469657374000f4c6a6176612f7574696c2f5365743b4c000870617373776f726471007e000f4c0008757365726e616d6571007e000f787001010101737200256a6176612e7574696c2e436f6c6c656374696f6e7324556e6d6f6469666961626c65536574801d92d18f9b80550200007871007e000a737200116a6176612e7574696c2e54726565536574dd98509395ed875b0300007870737200466f72672e737072696e676672616d65776f726b2e73656375726974792e636f72652e7573657264657461696c732e5573657224417574686f72697479436f6d70617261746f72000000000000026c020000787077040000000171007e001078707400116875687531323340676d61696c2e636f6d),
('27021150-cd7d-48b5-b2cf-2d13bfaad582', 'sum', 0xaced0005737200116a6176612e6c616e672e496e746567657212e2a0a4f781873802000149000576616c7565787200106a6176612e6c616e672e4e756d62657286ac951d0b94e08b020000787000000000),
('50707aac-0c0f-4755-ad69-dc6a625859a1', 'avatar', 0xaced0005740000),
('50707aac-0c0f-4755-ad69-dc6a625859a1', 'email', 0xaced00057400186e677579656e64696e6868756e6740676d61696c2e636f6d),
('50707aac-0c0f-4755-ad69-dc6a625859a1', 'fullName', 0xaced00057400154e677579e1bb856e20c490c3ac6e682048c3b96e67),
('50707aac-0c0f-4755-ad69-dc6a625859a1', 'id', 0xaced00057372000e6a6176612e6c616e672e4c6f6e673b8be490cc8f23df0200014a000576616c7565787200106a6176612e6c616e672e4e756d62657286ac951d0b94e08b02000078700000000000000064),
('50707aac-0c0f-4755-ad69-dc6a625859a1', 'jakarta.servlet.jsp.jstl.fmt.request.charset', 0xaced00057400055554462d38),
('50707aac-0c0f-4755-ad69-dc6a625859a1', 'org.springframework.security.web.csrf.HttpSessionCsrfTokenRepository.CSRF_TOKEN', 0xaced0005737200366f72672e737072696e676672616d65776f726b2e73656375726974792e7765622e637372662e44656661756c7443737266546f6b656e5aefb7c82fa2fbd50200034c000a6865616465724e616d657400124c6a6176612f6c616e672f537472696e673b4c000d706172616d657465724e616d6571007e00014c0005746f6b656e71007e0001787074000c582d435352462d544f4b454e7400055f6373726674002433646561623932322d356231332d343764652d383965612d343162636137346331613037),
('50707aac-0c0f-4755-ad69-dc6a625859a1', 'SPRING_SECURITY_CONTEXT', 0xaced00057372003d6f72672e737072696e676672616d65776f726b2e73656375726974792e636f72652e636f6e746578742e5365637572697479436f6e74657874496d706c000000000000026c0200014c000e61757468656e7469636174696f6e7400324c6f72672f737072696e676672616d65776f726b2f73656375726974792f636f72652f41757468656e7469636174696f6e3b78707372004f6f72672e737072696e676672616d65776f726b2e73656375726974792e61757468656e7469636174696f6e2e557365726e616d6550617373776f726441757468656e7469636174696f6e546f6b656e000000000000026c0200024c000b63726564656e7469616c737400124c6a6176612f6c616e672f4f626a6563743b4c00097072696e636970616c71007e0004787200476f72672e737072696e676672616d65776f726b2e73656375726974792e61757468656e7469636174696f6e2e416273747261637441757468656e7469636174696f6e546f6b656ed3aa287e6e47640e0200035a000d61757468656e746963617465644c000b617574686f7269746965737400164c6a6176612f7574696c2f436f6c6c656374696f6e3b4c000764657461696c7371007e0004787001737200266a6176612e7574696c2e436f6c6c656374696f6e7324556e6d6f6469666961626c654c697374fc0f2531b5ec8e100200014c00046c6973747400104c6a6176612f7574696c2f4c6973743b7872002c6a6176612e7574696c2e436f6c6c656374696f6e7324556e6d6f6469666961626c65436f6c6c656374696f6e19420080cb5ef71e0200014c00016371007e00067870737200136a6176612e7574696c2e41727261794c6973747881d21d99c7619d03000149000473697a65787000000001770400000001737200426f72672e737072696e676672616d65776f726b2e73656375726974792e636f72652e617574686f726974792e53696d706c654772616e746564417574686f72697479000000000000026c0200014c0004726f6c657400124c6a6176612f6c616e672f537472696e673b787074000a524f4c455f41444d494e7871007e000d737200486f72672e737072696e676672616d65776f726b2e73656375726974792e7765622e61757468656e7469636174696f6e2e57656241757468656e7469636174696f6e44657461696c73000000000000026c0200024c000d72656d6f74654164647265737371007e000f4c000973657373696f6e496471007e000f787074000f303a303a303a303a303a303a303a3174002436653832663136612d346432652d343739302d383038622d62366363643835623734303370737200326f72672e737072696e676672616d65776f726b2e73656375726974792e636f72652e7573657264657461696c732e55736572000000000000026c0200075a00116163636f756e744e6f6e457870697265645a00106163636f756e744e6f6e4c6f636b65645a001563726564656e7469616c734e6f6e457870697265645a0007656e61626c65644c000b617574686f72697469657374000f4c6a6176612f7574696c2f5365743b4c000870617373776f726471007e000f4c0008757365726e616d6571007e000f787001010101737200256a6176612e7574696c2e436f6c6c656374696f6e7324556e6d6f6469666961626c65536574801d92d18f9b80550200007871007e000a737200116a6176612e7574696c2e54726565536574dd98509395ed875b0300007870737200466f72672e737072696e676672616d65776f726b2e73656375726974792e636f72652e7573657264657461696c732e5573657224417574686f72697479436f6d70617261746f72000000000000026c020000787077040000000171007e001078707400186e677579656e64696e6868756e6740676d61696c2e636f6d),
('50707aac-0c0f-4755-ad69-dc6a625859a1', 'sum', 0xaced0005737200116a6176612e6c616e672e496e746567657212e2a0a4f781873802000149000576616c7565787200106a6176612e6c616e672e4e756d62657286ac951d0b94e08b020000787000000001),
('59f6f51c-fbc5-4908-9633-2d4788cb2090', 'avatar', 0xaced0005740000),
('59f6f51c-fbc5-4908-9633-2d4788cb2090', 'email', 0xaced00057400186e677579656e64696e6868756e6740676d61696c2e636f6d),
('59f6f51c-fbc5-4908-9633-2d4788cb2090', 'fullName', 0xaced0005740000),
('59f6f51c-fbc5-4908-9633-2d4788cb2090', 'id', 0xaced00057372000e6a6176612e6c616e672e4c6f6e673b8be490cc8f23df0200014a000576616c7565787200106a6176612e6c616e672e4e756d62657286ac951d0b94e08b02000078700000000000000064),
('59f6f51c-fbc5-4908-9633-2d4788cb2090', 'jakarta.servlet.jsp.jstl.fmt.request.charset', 0xaced00057400055554462d38),
('59f6f51c-fbc5-4908-9633-2d4788cb2090', 'org.springframework.security.web.csrf.HttpSessionCsrfTokenRepository.CSRF_TOKEN', 0xaced0005737200366f72672e737072696e676672616d65776f726b2e73656375726974792e7765622e637372662e44656661756c7443737266546f6b656e5aefb7c82fa2fbd50200034c000a6865616465724e616d657400124c6a6176612f6c616e672f537472696e673b4c000d706172616d657465724e616d6571007e00014c0005746f6b656e71007e0001787074000c582d435352462d544f4b454e7400055f6373726674002434643762373334332d343633662d346261642d393664382d356236646439363731656330),
('59f6f51c-fbc5-4908-9633-2d4788cb2090', 'SPRING_SECURITY_CONTEXT', 0xaced00057372003d6f72672e737072696e676672616d65776f726b2e73656375726974792e636f72652e636f6e746578742e5365637572697479436f6e74657874496d706c000000000000026c0200014c000e61757468656e7469636174696f6e7400324c6f72672f737072696e676672616d65776f726b2f73656375726974792f636f72652f41757468656e7469636174696f6e3b78707372004f6f72672e737072696e676672616d65776f726b2e73656375726974792e61757468656e7469636174696f6e2e557365726e616d6550617373776f726441757468656e7469636174696f6e546f6b656e000000000000026c0200024c000b63726564656e7469616c737400124c6a6176612f6c616e672f4f626a6563743b4c00097072696e636970616c71007e0004787200476f72672e737072696e676672616d65776f726b2e73656375726974792e61757468656e7469636174696f6e2e416273747261637441757468656e7469636174696f6e546f6b656ed3aa287e6e47640e0200035a000d61757468656e746963617465644c000b617574686f7269746965737400164c6a6176612f7574696c2f436f6c6c656374696f6e3b4c000764657461696c7371007e0004787001737200266a6176612e7574696c2e436f6c6c656374696f6e7324556e6d6f6469666961626c654c697374fc0f2531b5ec8e100200014c00046c6973747400104c6a6176612f7574696c2f4c6973743b7872002c6a6176612e7574696c2e436f6c6c656374696f6e7324556e6d6f6469666961626c65436f6c6c656374696f6e19420080cb5ef71e0200014c00016371007e00067870737200136a6176612e7574696c2e41727261794c6973747881d21d99c7619d03000149000473697a65787000000001770400000001737200426f72672e737072696e676672616d65776f726b2e73656375726974792e636f72652e617574686f726974792e53696d706c654772616e746564417574686f72697479000000000000026c0200014c0004726f6c657400124c6a6176612f6c616e672f537472696e673b787074000a524f4c455f41444d494e7871007e000d737200486f72672e737072696e676672616d65776f726b2e73656375726974792e7765622e61757468656e7469636174696f6e2e57656241757468656e7469636174696f6e44657461696c73000000000000026c0200024c000d72656d6f74654164647265737371007e000f4c000973657373696f6e496471007e000f787074000f303a303a303a303a303a303a303a3174002465326238393064332d393037352d343361372d623962372d39616331616638386338633170737200326f72672e737072696e676672616d65776f726b2e73656375726974792e636f72652e7573657264657461696c732e55736572000000000000026c0200075a00116163636f756e744e6f6e457870697265645a00106163636f756e744e6f6e4c6f636b65645a001563726564656e7469616c734e6f6e457870697265645a0007656e61626c65644c000b617574686f72697469657374000f4c6a6176612f7574696c2f5365743b4c000870617373776f726471007e000f4c0008757365726e616d6571007e000f787001010101737200256a6176612e7574696c2e436f6c6c656374696f6e7324556e6d6f6469666961626c65536574801d92d18f9b80550200007871007e000a737200116a6176612e7574696c2e54726565536574dd98509395ed875b0300007870737200466f72672e737072696e676672616d65776f726b2e73656375726974792e636f72652e7573657264657461696c732e5573657224417574686f72697479436f6d70617261746f72000000000000026c020000787077040000000171007e001078707400186e677579656e64696e6868756e6740676d61696c2e636f6d),
('59f6f51c-fbc5-4908-9633-2d4788cb2090', 'SPRING_SECURITY_SAVED_REQUEST', 0xaced0005737200416f72672e737072696e676672616d65776f726b2e73656375726974792e7765622e7361766564726571756573742e44656661756c74536176656452657175657374000000000000026c02000f49000a736572766572506f72744c000b636f6e74657874506174687400124c6a6176612f6c616e672f537472696e673b4c0007636f6f6b6965737400154c6a6176612f7574696c2f41727261794c6973743b4c00076865616465727374000f4c6a6176612f7574696c2f4d61703b4c00076c6f63616c657371007e00024c001c6d61746368696e6752657175657374506172616d657465724e616d6571007e00014c00066d6574686f6471007e00014c000a706172616d657465727371007e00034c000870617468496e666f71007e00014c000b7175657279537472696e6771007e00014c000a7265717565737455524971007e00014c000a7265717565737455524c71007e00014c0006736368656d6571007e00014c000a7365727665724e616d6571007e00014c000b736572766c65745061746871007e0001787000001f90740000737200136a6176612e7574696c2e41727261794c6973747881d21d99c7619d03000149000473697a6578700000000077040000000078737200116a6176612e7574696c2e547265654d61700cc1f63e2d256ae60300014c000a636f6d70617261746f727400164c6a6176612f7574696c2f436f6d70617261746f723b78707372002a6a6176612e6c616e672e537472696e672443617365496e73656e736974697665436f6d70617261746f7277035c7d5c50e5ce020000787077040000000e7400066163636570747371007e000600000001770400000001740087746578742f68746d6c2c6170706c69636174696f6e2f7868746d6c2b786d6c2c6170706c69636174696f6e2f786d6c3b713d302e392c696d6167652f617669662c696d6167652f776562702c696d6167652f61706e672c2a2f2a3b713d302e382c6170706c69636174696f6e2f7369676e65642d65786368616e67653b763d62333b713d302e377874000f6163636570742d656e636f64696e677371007e000600000001770400000001740017677a69702c206465666c6174652c2062722c207a7374647874000f6163636570742d6c616e67756167657371007e00060000000177040000000174000e76692d564e2c76693b713d302e397874000a636f6e6e656374696f6e7371007e00060000000177040000000174000a6b6565702d616c69766578740004686f73747371007e00060000000177040000000174000e6c6f63616c686f73743a38303830787400097365632d63682d75617371007e000600000001770400000001740041224e6f7428413a4272616e64223b763d223939222c2022476f6f676c65204368726f6d65223b763d22313333222c20224368726f6d69756d223b763d2231333322787400107365632d63682d75612d6d6f62696c657371007e0006000000017704000000017400023f30787400127365632d63682d75612d706c6174666f726d7371007e0006000000017704000000017400092257696e646f7773227874000e7365632d66657463682d646573747371007e000600000001770400000001740008646f63756d656e747874000e7365632d66657463682d6d6f64657371007e0006000000017704000000017400086e617669676174657874000e7365632d66657463682d736974657371007e0006000000017704000000017400046e6f6e657874000e7365632d66657463682d757365727371007e0006000000017704000000017400023f3178740019757067726164652d696e7365637572652d72657175657374737371007e000600000001770400000001740001317874000a757365722d6167656e747371007e00060000000177040000000174006f4d6f7a696c6c612f352e30202857696e646f7773204e542031302e303b2057696e36343b2078363429204170706c655765624b69742f3533372e333620284b48544d4c2c206c696b65204765636b6f29204368726f6d652f3133332e302e302e30205361666172692f3533372e333678787371007e000600000002770400000002737200106a6176612e7574696c2e4c6f63616c657ef811609c30f9ec03000649000868617368636f64654c0007636f756e74727971007e00014c000a657874656e73696f6e7371007e00014c00086c616e677561676571007e00014c000673637269707471007e00014c000776617269616e7471007e00017870ffffffff740002564e71007e0005740002766971007e000571007e0005787371007e0038ffffffff71007e000571007e000571007e003b71007e000571007e00057878740008636f6e74696e75657400034745547371007e00087077040000000078707074000e2f6f726465722d686973746f7279740023687474703a2f2f6c6f63616c686f73743a383038302f6f726465722d686973746f7279740004687474707400096c6f63616c686f737474000e2f6f726465722d686973746f7279),
('59f6f51c-fbc5-4908-9633-2d4788cb2090', 'sum', 0xaced0005737200116a6176612e6c616e672e496e746567657212e2a0a4f781873802000149000576616c7565787200106a6176612e6c616e672e4e756d62657286ac951d0b94e08b020000787000000000),
('59f6f51c-fbc5-4908-9633-2d4788cb2090', 'user', 0xaced000573720022766e2e686f6964616e69742e6c6170746f7073686f702e646f6d61696e2e55736572000000000000000102000a4a000269644c0007616464726573737400124c6a6176612f6c616e672f537472696e673b4c000661766174617271007e00014c0004636172747400244c766e2f686f6964616e69742f6c6170746f7073686f702f646f6d61696e2f436172743b4c0005656d61696c71007e00014c000866756c6c4e616d6571007e00014c00066f72646572737400104c6a6176612f7574696c2f4c6973743b4c000870617373776f726471007e00014c000570686f6e6571007e00014c0004726f6c657400244c766e2f686f6964616e69742f6c6170746f7073686f702f646f6d61696e2f526f6c653b7870000000000000006474002f3435352f343020616e2064c6b0c6a16e672076c6b0c6a16e672c207068c6b0e1bb9d6e672033207175e1baad6e2035740000707400186e677579656e64696e6868756e6740676d61696c2e636f6d7400007372002a6f72672e68696265726e6174652e636f6c6c656374696f6e2e7370692e50657273697374656e74426167963c61233a7241920200024c000362616771007e00034c001270726f7669646564436f6c6c656374696f6e7400164c6a6176612f7574696c2f436f6c6c656374696f6e3b787200396f72672e68696265726e6174652e636f6c6c656374696f6e2e7370692e416273747261637450657273697374656e74436f6c6c656374696f6e33a4b04a3cf0460c02000b5a001b616c6c6f774c6f61644f7574736964655472616e73616374696f6e49000a63616368656453697a655a000564697274795a000e656c656d656e7452656d6f7665645a000b696e697469616c697a65645a000d697354656d7053657373696f6e4c00036b65797400124c6a6176612f6c616e672f4f626a6563743b4c00056f776e657271007e000d4c0004726f6c6571007e00014c001273657373696f6e466163746f72795575696471007e00014c000e73746f726564536e617073686f747400164c6a6176612f696f2f53657269616c697a61626c653b787000ffffffff000000007372000e6a6176612e6c616e672e4c6f6e673b8be490cc8f23df0200014a000576616c7565787200106a6176612e6c616e672e4e756d62657286ac951d0b94e08b0200007870000000000000006471007e0005740029766e2e686f6964616e69742e6c6170746f7073686f702e646f6d61696e2e557365722e6f72646572737070707074003c2432612431302472504d49784f5a3570385164516c32692f785161337573426e7966656c6d7549725246537279686d58786e376848632e31484f636d74000a3037383734393536333673720022766e2e686f6964616e69742e6c6170746f7073686f702e646f6d61696e2e526f6c6500000000000000010200044a000269644c000b6465736372697074696f6e71007e00014c00046e616d6571007e00014c0005757365727371007e00037870000000000000000174001761646d696e207468c3ac2066756c6c20717579e1bb816e74000541444d494e7371007e000a00ffffffff000000007371007e0010000000000000000171007e0017740028766e2e686f6964616e69742e6c6170746f7073686f702e646f6d61696e2e526f6c652e757365727370707070),
('cb63484e-67f5-4ad9-a395-46154718741c', 'avatar', 0xaced0005740019313734303432343333343036342d6d625f62616e6b2e6a7067),
('cb63484e-67f5-4ad9-a395-46154718741c', 'email', 0xaced00057400186e677579656e64696e6868756e6740676d61696c2e636f6d),
('cb63484e-67f5-4ad9-a395-46154718741c', 'fullName', 0xaced00057400154e677579e1bb856e20c490c3ac6e682048c3b96e67),
('cb63484e-67f5-4ad9-a395-46154718741c', 'id', 0xaced00057372000e6a6176612e6c616e672e4c6f6e673b8be490cc8f23df0200014a000576616c7565787200106a6176612e6c616e672e4e756d62657286ac951d0b94e08b02000078700000000000000064),
('cb63484e-67f5-4ad9-a395-46154718741c', 'jakarta.servlet.jsp.jstl.fmt.request.charset', 0xaced00057400055554462d38),
('cb63484e-67f5-4ad9-a395-46154718741c', 'org.springframework.security.web.csrf.HttpSessionCsrfTokenRepository.CSRF_TOKEN', 0xaced0005737200366f72672e737072696e676672616d65776f726b2e73656375726974792e7765622e637372662e44656661756c7443737266546f6b656e5aefb7c82fa2fbd50200034c000a6865616465724e616d657400124c6a6176612f6c616e672f537472696e673b4c000d706172616d657465724e616d6571007e00014c0005746f6b656e71007e0001787074000c582d435352462d544f4b454e7400055f6373726674002466356363353435392d303533332d346233612d613532652d636132643362333836656431),
('cb63484e-67f5-4ad9-a395-46154718741c', 'SPRING_SECURITY_CONTEXT', 0xaced00057372003d6f72672e737072696e676672616d65776f726b2e73656375726974792e636f72652e636f6e746578742e5365637572697479436f6e74657874496d706c000000000000026c0200014c000e61757468656e7469636174696f6e7400324c6f72672f737072696e676672616d65776f726b2f73656375726974792f636f72652f41757468656e7469636174696f6e3b78707372004f6f72672e737072696e676672616d65776f726b2e73656375726974792e61757468656e7469636174696f6e2e557365726e616d6550617373776f726441757468656e7469636174696f6e546f6b656e000000000000026c0200024c000b63726564656e7469616c737400124c6a6176612f6c616e672f4f626a6563743b4c00097072696e636970616c71007e0004787200476f72672e737072696e676672616d65776f726b2e73656375726974792e61757468656e7469636174696f6e2e416273747261637441757468656e7469636174696f6e546f6b656ed3aa287e6e47640e0200035a000d61757468656e746963617465644c000b617574686f7269746965737400164c6a6176612f7574696c2f436f6c6c656374696f6e3b4c000764657461696c7371007e0004787001737200266a6176612e7574696c2e436f6c6c656374696f6e7324556e6d6f6469666961626c654c697374fc0f2531b5ec8e100200014c00046c6973747400104c6a6176612f7574696c2f4c6973743b7872002c6a6176612e7574696c2e436f6c6c656374696f6e7324556e6d6f6469666961626c65436f6c6c656374696f6e19420080cb5ef71e0200014c00016371007e00067870737200136a6176612e7574696c2e41727261794c6973747881d21d99c7619d03000149000473697a65787000000001770400000001737200426f72672e737072696e676672616d65776f726b2e73656375726974792e636f72652e617574686f726974792e53696d706c654772616e746564417574686f72697479000000000000026c0200014c0004726f6c657400124c6a6176612f6c616e672f537472696e673b787074000a524f4c455f41444d494e7871007e000d737200486f72672e737072696e676672616d65776f726b2e73656375726974792e7765622e61757468656e7469636174696f6e2e57656241757468656e7469636174696f6e44657461696c73000000000000026c0200024c000d72656d6f74654164647265737371007e000f4c000973657373696f6e496471007e000f787074000f303a303a303a303a303a303a303a3174002432356262383539652d306562622d343864322d626336622d30633637653837333532346270737200326f72672e737072696e676672616d65776f726b2e73656375726974792e636f72652e7573657264657461696c732e55736572000000000000026c0200075a00116163636f756e744e6f6e457870697265645a00106163636f756e744e6f6e4c6f636b65645a001563726564656e7469616c734e6f6e457870697265645a0007656e61626c65644c000b617574686f72697469657374000f4c6a6176612f7574696c2f5365743b4c000870617373776f726471007e000f4c0008757365726e616d6571007e000f787001010101737200256a6176612e7574696c2e436f6c6c656374696f6e7324556e6d6f6469666961626c65536574801d92d18f9b80550200007871007e000a737200116a6176612e7574696c2e54726565536574dd98509395ed875b0300007870737200466f72672e737072696e676672616d65776f726b2e73656375726974792e636f72652e7573657264657461696c732e5573657224417574686f72697479436f6d70617261746f72000000000000026c020000787077040000000171007e001078707400186e677579656e64696e6868756e6740676d61696c2e636f6d),
('cb63484e-67f5-4ad9-a395-46154718741c', 'sum', 0xaced0005737200116a6176612e6c616e672e496e746567657212e2a0a4f781873802000149000576616c7565787200106a6176612e6c616e672e4e756d62657286ac951d0b94e08b020000787000000000),
('ed25651d-994e-4185-8b81-f76cfc8778af', 'avatar', 0xaced0005740019313734303432353432373234322d6d625f62616e6b2e6a7067),
('ed25651d-994e-4185-8b81-f76cfc8778af', 'email', 0xaced000574001964756f6e677468696b696575616e6840676d61696c2e636f6d),
('ed25651d-994e-4185-8b81-f76cfc8778af', 'fullName', 0xaced000574001844c6b0c6a16e67205468e1bb8b204b69e1bb817520416e68),
('ed25651d-994e-4185-8b81-f76cfc8778af', 'id', 0xaced00057372000e6a6176612e6c616e672e4c6f6e673b8be490cc8f23df0200014a000576616c7565787200106a6176612e6c616e672e4e756d62657286ac951d0b94e08b02000078700000000000000067),
('ed25651d-994e-4185-8b81-f76cfc8778af', 'jakarta.servlet.jsp.jstl.fmt.request.charset', 0xaced00057400055554462d38),
('ed25651d-994e-4185-8b81-f76cfc8778af', 'org.springframework.security.web.csrf.HttpSessionCsrfTokenRepository.CSRF_TOKEN', 0xaced0005737200366f72672e737072696e676672616d65776f726b2e73656375726974792e7765622e637372662e44656661756c7443737266546f6b656e5aefb7c82fa2fbd50200034c000a6865616465724e616d657400124c6a6176612f6c616e672f537472696e673b4c000d706172616d657465724e616d6571007e00014c0005746f6b656e71007e0001787074000c582d435352462d544f4b454e7400055f6373726674002431623734313936652d323239372d346563332d613439642d396562323265663830643136),
('ed25651d-994e-4185-8b81-f76cfc8778af', 'SPRING_SECURITY_CONTEXT', 0xaced00057372003d6f72672e737072696e676672616d65776f726b2e73656375726974792e636f72652e636f6e746578742e5365637572697479436f6e74657874496d706c000000000000026c0200014c000e61757468656e7469636174696f6e7400324c6f72672f737072696e676672616d65776f726b2f73656375726974792f636f72652f41757468656e7469636174696f6e3b78707372004f6f72672e737072696e676672616d65776f726b2e73656375726974792e61757468656e7469636174696f6e2e557365726e616d6550617373776f726441757468656e7469636174696f6e546f6b656e000000000000026c0200024c000b63726564656e7469616c737400124c6a6176612f6c616e672f4f626a6563743b4c00097072696e636970616c71007e0004787200476f72672e737072696e676672616d65776f726b2e73656375726974792e61757468656e7469636174696f6e2e416273747261637441757468656e7469636174696f6e546f6b656ed3aa287e6e47640e0200035a000d61757468656e746963617465644c000b617574686f7269746965737400164c6a6176612f7574696c2f436f6c6c656374696f6e3b4c000764657461696c7371007e0004787001737200266a6176612e7574696c2e436f6c6c656374696f6e7324556e6d6f6469666961626c654c697374fc0f2531b5ec8e100200014c00046c6973747400104c6a6176612f7574696c2f4c6973743b7872002c6a6176612e7574696c2e436f6c6c656374696f6e7324556e6d6f6469666961626c65436f6c6c656374696f6e19420080cb5ef71e0200014c00016371007e00067870737200136a6176612e7574696c2e41727261794c6973747881d21d99c7619d03000149000473697a65787000000001770400000001737200426f72672e737072696e676672616d65776f726b2e73656375726974792e636f72652e617574686f726974792e53696d706c654772616e746564417574686f72697479000000000000026c0200014c0004726f6c657400124c6a6176612f6c616e672f537472696e673b787074000a524f4c455f41444d494e7871007e000d737200486f72672e737072696e676672616d65776f726b2e73656375726974792e7765622e61757468656e7469636174696f6e2e57656241757468656e7469636174696f6e44657461696c73000000000000026c0200024c000d72656d6f74654164647265737371007e000f4c000973657373696f6e496471007e000f787074000f303a303a303a303a303a303a303a3174002461313832363335382d363262662d346232642d613663352d64626233373833383536396370737200326f72672e737072696e676672616d65776f726b2e73656375726974792e636f72652e7573657264657461696c732e55736572000000000000026c0200075a00116163636f756e744e6f6e457870697265645a00106163636f756e744e6f6e4c6f636b65645a001563726564656e7469616c734e6f6e457870697265645a0007656e61626c65644c000b617574686f72697469657374000f4c6a6176612f7574696c2f5365743b4c000870617373776f726471007e000f4c0008757365726e616d6571007e000f787001010101737200256a6176612e7574696c2e436f6c6c656374696f6e7324556e6d6f6469666961626c65536574801d92d18f9b80550200007871007e000a737200116a6176612e7574696c2e54726565536574dd98509395ed875b0300007870737200466f72672e737072696e676672616d65776f726b2e73656375726974792e636f72652e7573657264657461696c732e5573657224417574686f72697479436f6d70617261746f72000000000000026c020000787077040000000171007e0010787074001964756f6e677468696b696575616e6840676d61696c2e636f6d),
('ed25651d-994e-4185-8b81-f76cfc8778af', 'sum', 0xaced0005737200116a6176612e6c616e672e496e746567657212e2a0a4f781873802000149000576616c7565787200106a6176612e6c616e672e4e756d62657286ac951d0b94e08b020000787000000000),
('effff068-feaa-434f-8951-01f5a8ae899b', 'avatar', 0xaced0005740000),
('effff068-feaa-434f-8951-01f5a8ae899b', 'email', 0xaced00057400166e677579656e63616f68757940676d61696c2e636f6d),
('effff068-feaa-434f-8951-01f5a8ae899b', 'fullName', 0xaced000574000f4e677579c3aa6e2043616f20487579),
('effff068-feaa-434f-8951-01f5a8ae899b', 'id', 0xaced00057372000e6a6176612e6c616e672e4c6f6e673b8be490cc8f23df0200014a000576616c7565787200106a6176612e6c616e672e4e756d62657286ac951d0b94e08b02000078700000000000000065),
('effff068-feaa-434f-8951-01f5a8ae899b', 'jakarta.servlet.jsp.jstl.fmt.request.charset', 0xaced00057400055554462d38),
('effff068-feaa-434f-8951-01f5a8ae899b', 'org.springframework.security.web.csrf.HttpSessionCsrfTokenRepository.CSRF_TOKEN', 0xaced0005737200366f72672e737072696e676672616d65776f726b2e73656375726974792e7765622e637372662e44656661756c7443737266546f6b656e5aefb7c82fa2fbd50200034c000a6865616465724e616d657400124c6a6176612f6c616e672f537472696e673b4c000d706172616d657465724e616d6571007e00014c0005746f6b656e71007e0001787074000c582d435352462d544f4b454e7400055f6373726674002431663130353162302d666431352d343232362d623539642d386532363762343738383831),
('effff068-feaa-434f-8951-01f5a8ae899b', 'SPRING_SECURITY_CONTEXT', 0xaced00057372003d6f72672e737072696e676672616d65776f726b2e73656375726974792e636f72652e636f6e746578742e5365637572697479436f6e74657874496d706c000000000000026c0200014c000e61757468656e7469636174696f6e7400324c6f72672f737072696e676672616d65776f726b2f73656375726974792f636f72652f41757468656e7469636174696f6e3b78707372004f6f72672e737072696e676672616d65776f726b2e73656375726974792e61757468656e7469636174696f6e2e557365726e616d6550617373776f726441757468656e7469636174696f6e546f6b656e000000000000026c0200024c000b63726564656e7469616c737400124c6a6176612f6c616e672f4f626a6563743b4c00097072696e636970616c71007e0004787200476f72672e737072696e676672616d65776f726b2e73656375726974792e61757468656e7469636174696f6e2e416273747261637441757468656e7469636174696f6e546f6b656ed3aa287e6e47640e0200035a000d61757468656e746963617465644c000b617574686f7269746965737400164c6a6176612f7574696c2f436f6c6c656374696f6e3b4c000764657461696c7371007e0004787001737200266a6176612e7574696c2e436f6c6c656374696f6e7324556e6d6f6469666961626c654c697374fc0f2531b5ec8e100200014c00046c6973747400104c6a6176612f7574696c2f4c6973743b7872002c6a6176612e7574696c2e436f6c6c656374696f6e7324556e6d6f6469666961626c65436f6c6c656374696f6e19420080cb5ef71e0200014c00016371007e00067870737200136a6176612e7574696c2e41727261794c6973747881d21d99c7619d03000149000473697a65787000000001770400000001737200426f72672e737072696e676672616d65776f726b2e73656375726974792e636f72652e617574686f726974792e53696d706c654772616e746564417574686f72697479000000000000026c0200014c0004726f6c657400124c6a6176612f6c616e672f537472696e673b7870740009524f4c455f555345527871007e000d737200486f72672e737072696e676672616d65776f726b2e73656375726974792e7765622e61757468656e7469636174696f6e2e57656241757468656e7469636174696f6e44657461696c73000000000000026c0200024c000d72656d6f74654164647265737371007e000f4c000973657373696f6e496471007e000f787074000f303a303a303a303a303a303a303a3174002439333966383730392d636265392d343061382d393266382d63366234396532346334363470737200326f72672e737072696e676672616d65776f726b2e73656375726974792e636f72652e7573657264657461696c732e55736572000000000000026c0200075a00116163636f756e744e6f6e457870697265645a00106163636f756e744e6f6e4c6f636b65645a001563726564656e7469616c734e6f6e457870697265645a0007656e61626c65644c000b617574686f72697469657374000f4c6a6176612f7574696c2f5365743b4c000870617373776f726471007e000f4c0008757365726e616d6571007e000f787001010101737200256a6176612e7574696c2e436f6c6c656374696f6e7324556e6d6f6469666961626c65536574801d92d18f9b80550200007871007e000a737200116a6176612e7574696c2e54726565536574dd98509395ed875b0300007870737200466f72672e737072696e676672616d65776f726b2e73656375726974792e636f72652e7573657264657461696c732e5573657224417574686f72697479436f6d70617261746f72000000000000026c020000787077040000000171007e001078707400166e677579656e63616f68757940676d61696c2e636f6d),
('effff068-feaa-434f-8951-01f5a8ae899b', 'sum', 0xaced0005737200116a6176612e6c616e672e496e746567657212e2a0a4f781873802000149000576616c7565787200106a6176612e6c616e672e4e756d62657286ac951d0b94e08b020000787000000001);

-- --------------------------------------------------------

--
-- Cấu trúc bảng cho bảng `users`
--

CREATE TABLE `users` (
  `id` bigint(20) NOT NULL,
  `adress` varchar(255) DEFAULT NULL,
  `avatar` varchar(255) DEFAULT NULL,
  `email` varchar(255) NOT NULL,
  `fullname` varchar(255) NOT NULL,
  `password` varchar(255) NOT NULL,
  `phone` varchar(255) DEFAULT NULL,
  `role_id` bigint(20) DEFAULT NULL,
  `address` varchar(255) DEFAULT NULL,
  `full_name` varchar(255) NOT NULL,
  `provider` varchar(255) DEFAULT NULL
) ENGINE=InnoDB DEFAULT CHARSET=utf8 COLLATE=utf8_general_ci;

--
-- Đang đổ dữ liệu cho bảng `users`
--

INSERT INTO `users` (`id`, `adress`, `avatar`, `email`, `fullname`, `password`, `phone`, `role_id`, `address`, `full_name`, `provider`) VALUES
(100, 'tan chau', '', 'nguyendinhhung@gmail.com', 'Nguyễn Đình Hùng', '$2a$10$rPMIxOZ5p8QdQl2i/xQa3usBnyfelmuIrRFSryhmXxn7hHc.1HOcm', '0787495636', 1, '455/40 an dương vương, phường 3 quận 5', '', NULL),
(101, 'tan chau', '', 'nguyencaohuy@gmail.com', 'Nguyên Cao Huy', '$2a$10$Bnaij7ILv9WT.3HWKuaafOAtnB08Eb14zi1G4EEq1wEYYuty4Pe0C', '0569875421', 2, NULL, '', NULL),
(102, '123456', '', 'test1@gmail.com', '123456', '123456asd', '123456', 2, NULL, '', NULL),
(103, 'suối dây', '', 'duongthikieuanh@gmail.com', 'Dương Thị Kiều Anh', '$2a$10$VLqaMuAYn6LafL2oaZhglOVUDSaV7urGbd1t88BHlUfAFHJMAD7kW', '0123456789', 3, NULL, '', NULL),
(106, '455/40 an dương vương, phường 3 quận 5', '1740678756014-Screenshot 2024-10-02 092202.png', 'nguyenhung004@gmail.com', 'Hùng Nguyễn', '$2a$10$yFK/WYUfM1f8vFP5FzDyaulVjnRLq8yQU8q0ugw.vqYPJD50PNeAO', '0787495636', 1, NULL, '', NULL),
(109, NULL, NULL, 'huhu123@gmail.com', 'huhu huhu', '$2a$10$70o8/pFKejR6hY834zlxQ.ZqA2BF2XFmCNVboVtQkvCB/pmuy4.Oy', NULL, 2, NULL, '', NULL);

--
-- Chỉ mục cho các bảng đã đổ
--

--
-- Chỉ mục cho bảng `carts`
--
ALTER TABLE `carts`
  ADD PRIMARY KEY (`id`),
  ADD UNIQUE KEY `UK_64t7ox312pqal3p7fg9o503c2` (`user_id`);

--
-- Chỉ mục cho bảng `cart_detail`
--
ALTER TABLE `cart_detail`
  ADD PRIMARY KEY (`id`),
  ADD KEY `FKbql1m2v2po7hcawonqsgqex88` (`cart_id`),
  ADD KEY `FKclb1c0wg3mofxnpgidib1t987` (`product_id`);

--
-- Chỉ mục cho bảng `orders`
--
ALTER TABLE `orders`
  ADD PRIMARY KEY (`id`),
  ADD KEY `FK32ql8ubntj5uh44ph9659tiih` (`user_id`);

--
-- Chỉ mục cho bảng `order_detail`
--
ALTER TABLE `order_detail`
  ADD PRIMARY KEY (`id`),
  ADD KEY `FKrws2q0si6oyd6il8gqe2aennc` (`order_id`),
  ADD KEY `FKc7q42e9tu0hslx6w4wxgomhvn` (`product_id`);

--
-- Chỉ mục cho bảng `products`
--
ALTER TABLE `products`
  ADD PRIMARY KEY (`id`);

--
-- Chỉ mục cho bảng `roles`
--
ALTER TABLE `roles`
  ADD PRIMARY KEY (`id`);

--
-- Chỉ mục cho bảng `spring_session`
--
ALTER TABLE `spring_session`
  ADD PRIMARY KEY (`PRIMARY_ID`),
  ADD UNIQUE KEY `SPRING_SESSION_IX1` (`SESSION_ID`),
  ADD KEY `SPRING_SESSION_IX2` (`EXPIRY_TIME`),
  ADD KEY `SPRING_SESSION_IX3` (`PRINCIPAL_NAME`);

--
-- Chỉ mục cho bảng `spring_session_attributes`
--
ALTER TABLE `spring_session_attributes`
  ADD PRIMARY KEY (`SESSION_PRIMARY_ID`,`ATTRIBUTE_NAME`);

--
-- Chỉ mục cho bảng `users`
--
ALTER TABLE `users`
  ADD PRIMARY KEY (`id`),
  ADD KEY `FKp56c1712k691lhsyewcssf40f` (`role_id`);

--
-- AUTO_INCREMENT cho các bảng đã đổ
--

--
-- AUTO_INCREMENT cho bảng `carts`
--
ALTER TABLE `carts`
  MODIFY `id` bigint(20) NOT NULL AUTO_INCREMENT, AUTO_INCREMENT=75;

--
-- AUTO_INCREMENT cho bảng `cart_detail`
--
ALTER TABLE `cart_detail`
  MODIFY `id` bigint(20) NOT NULL AUTO_INCREMENT, AUTO_INCREMENT=202;

--
-- AUTO_INCREMENT cho bảng `orders`
--
ALTER TABLE `orders`
  MODIFY `id` bigint(20) NOT NULL AUTO_INCREMENT, AUTO_INCREMENT=60;

--
-- AUTO_INCREMENT cho bảng `order_detail`
--
ALTER TABLE `order_detail`
  MODIFY `id` bigint(20) NOT NULL AUTO_INCREMENT, AUTO_INCREMENT=115;

--
-- AUTO_INCREMENT cho bảng `products`
--
ALTER TABLE `products`
  MODIFY `id` bigint(20) NOT NULL AUTO_INCREMENT, AUTO_INCREMENT=19;

--
-- AUTO_INCREMENT cho bảng `roles`
--
ALTER TABLE `roles`
  MODIFY `id` bigint(20) NOT NULL AUTO_INCREMENT, AUTO_INCREMENT=4;

--
-- AUTO_INCREMENT cho bảng `users`
--
ALTER TABLE `users`
  MODIFY `id` bigint(20) NOT NULL AUTO_INCREMENT, AUTO_INCREMENT=110;

--
-- Các ràng buộc cho các bảng đã đổ
--

--
-- Các ràng buộc cho bảng `carts`
--
ALTER TABLE `carts`
  ADD CONSTRAINT `FKb5o626f86h46m4s7ms6ginnop` FOREIGN KEY (`user_id`) REFERENCES `users` (`id`);

--
-- Các ràng buộc cho bảng `cart_detail`
--
ALTER TABLE `cart_detail`
  ADD CONSTRAINT `FKbql1m2v2po7hcawonqsgqex88` FOREIGN KEY (`cart_id`) REFERENCES `carts` (`id`),
  ADD CONSTRAINT `FKclb1c0wg3mofxnpgidib1t987` FOREIGN KEY (`product_id`) REFERENCES `products` (`id`);

--
-- Các ràng buộc cho bảng `orders`
--
ALTER TABLE `orders`
  ADD CONSTRAINT `FK32ql8ubntj5uh44ph9659tiih` FOREIGN KEY (`user_id`) REFERENCES `users` (`id`);

--
-- Các ràng buộc cho bảng `order_detail`
--
ALTER TABLE `order_detail`
  ADD CONSTRAINT `FKc7q42e9tu0hslx6w4wxgomhvn` FOREIGN KEY (`product_id`) REFERENCES `products` (`id`),
  ADD CONSTRAINT `FKrws2q0si6oyd6il8gqe2aennc` FOREIGN KEY (`order_id`) REFERENCES `orders` (`id`);

--
-- Các ràng buộc cho bảng `spring_session_attributes`
--
ALTER TABLE `spring_session_attributes`
  ADD CONSTRAINT `SPRING_SESSION_ATTRIBUTES_FK` FOREIGN KEY (`SESSION_PRIMARY_ID`) REFERENCES `spring_session` (`PRIMARY_ID`) ON DELETE CASCADE;

--
-- Các ràng buộc cho bảng `users`
--
ALTER TABLE `users`
  ADD CONSTRAINT `FKp56c1712k691lhsyewcssf40f` FOREIGN KEY (`role_id`) REFERENCES `roles` (`id`);
COMMIT;

/*!40101 SET CHARACTER_SET_CLIENT=@OLD_CHARACTER_SET_CLIENT */;
/*!40101 SET CHARACTER_SET_RESULTS=@OLD_CHARACTER_SET_RESULTS */;
/*!40101 SET COLLATION_CONNECTION=@OLD_COLLATION_CONNECTION */;